{
  "model_path": "models/url_risk_model.joblib",
  "n_samples": 1000,
  "cv": 5,
  "summary": {
    "fit_time": {
      "mean": 0.05705595016479492,
      "std": 0.009760473623935454
    },
    "score_time": {
      "mean": 0.025408363342285155,
      "std": 0.028036165196329264
    },
    "test_precision": {
      "mean": 0.5095238095238095,
      "std": 0.15801095636094256
    },
    "test_recall": {
      "mean": 0.5045454545454546,
      "std": 0.1197353218189718
    },
    "test_f1": {
      "mean": 0.49970196952805646,
      "std": 0.11647597374406483
    },
    "test_roc_auc": {
      "mean": 0.9472188961550664,
      "std": 0.029859248228902138
    }
  }
}