metric,mean,std
fit_time,0.05705595016479492,0.009760473623935454
score_time,0.025408363342285155,0.028036165196329264
test_precision,0.5095238095238095,0.15801095636094256
test_recall,0.5045454545454546,0.1197353218189718
test_f1,0.49970196952805646,0.11647597374406483
test_roc_auc,0.9472188961550664,0.029859248228902138
